ts_unix,elapsed_s,cpu_pct,mem_used_gb,mem_total_gb,gpu_util_pct,gpu_mem_util_pct,gpu_mem_used_mb,gpu_mem_total_mb,gpu_power_w,gpu_temp_c,trainer_pid,trainer_rss_mb,trainer_cpu_pct,gen_alive,gen_rss_mb,gen_cpu_pct,train_tasks
1770845346,30,31.55,26.79,503.37,49,1,3032,40960,108.05,30,,,,0,,,
1770845376,60,39.33,28.43,503.37,47,29,1848,40960,109.95,30,,,,0,,,
1770845406,90,39.21,29.22,503.37,98,56,2274,40960,157.45,31,,,,0,,,
1770845436,120,38.15,32.05,503.37,10,0,4366,40960,74.54,28,,,,0,,,
1770845466,150,34.08,33.62,503.37,99,65,4389,40960,160.93,31,,,,0,,,
1770845496,180,32.39,34.13,503.37,54,0,4436,40960,108.49,29,,,,0,,,
1770845526,210,31.65,34.81,503.37,38,2,5764,40960,116.65,30,,,,0,,,
1770845556,240,31.96,34.96,503.37,27,0,7221,40960,108.76,30,,,,0,,,
1770845586,270,31.50,35.20,503.37,99,33,8445,40960,167.94,33,,,,0,,,
1770845616,300,37.26,36.30,503.37,95,21,7839,40960,179.95,35,,,,0,,,4478
1770845647,331,40.95,37.49,503.37,98,4,7864,40960,154.07,34,,,,0,,,
1770845677,361,41.12,37.81,503.37,95,16,7864,40960,181.69,36,,,,0,,,
1770845707,391,39.29,38.08,503.37,97,21,7905,40960,180.49,36,,,,0,,,
1770845737,421,31.78,38.48,503.37,42,0,7935,40960,84.22,31,,,,0,,,
1770845767,451,37.68,39.69,503.37,97,12,8731,40960,155.27,37,,,,0,,,
1770845797,481,40.17,40.24,503.37,96,15,8795,40960,185.16,37,,,,0,,,
1770845828,512,42.62,41.83,503.37,95,20,8795,40960,168.54,36,,,,0,,,
1770845858,542,42.43,42.09,503.37,95,21,8803,40960,191.63,36,,,,0,,,
1770845888,572,34.62,42.19,503.37,98,14,8817,40960,158.21,35,,,,0,,,
1770845918,602,39.37,43.03,503.37,94,21,8837,40960,201.19,34,,,,0,,,4478
1770845948,632,42.84,43.17,503.37,92,8,8852,40960,170.27,34,,,,0,,,
1770845978,662,42.75,43.38,503.37,99,3,8860,40960,247.40,35,,,,0,,,
1770846009,693,47.41,43.77,503.37,99,4,8860,40960,227.56,34,,,,0,,,
1770846039,723,39.69,42.51,503.37,98,6,8890,40960,165.93,33,,,,0,,,
1770846069,753,35.88,43.58,503.37,55,7,8991,40960,185.77,32,,,,0,,,
1770846099,783,43.75,43.61,503.37,100,2,8995,40960,174.68,34,,,,0,,,
1770846129,813,42.93,43.74,503.37,97,21,9025,40960,177.61,35,,,,0,,,
1770846159,843,42.66,43.71,503.37,94,19,9033,40960,173.48,34,,,,0,,,
1770846189,873,38.80,43.97,503.37,95,4,9033,40960,181.42,36,,,,0,,,
1770846220,904,36.90,45.59,503.37,56,2,9188,40960,113.31,32,,,,0,,,4478
1770846250,934,47.36,44.51,503.37,98,15,9199,40960,175.54,36,,,,0,,,
1770846280,964,43.82,44.09,503.37,98,4,9233,40960,195.71,37,,,,0,,,
1770846310,994,43.32,43.43,503.37,97,13,9233,40960,177.29,36,,,,0,,,
1770846340,1024,40.56,43.59,503.37,97,20,9233,40960,187.50,37,,,,0,,,
1770846370,1054,35.66,44.31,503.37,28,0,9246,40960,109.52,32,,,,0,,,
1770846400,1084,42.98,44.62,503.37,99,4,9269,40960,175.82,35,,,,0,,,
1770846431,1115,44.27,45.13,503.37,99,4,9298,40960,167.07,35,,,,0,,,
1770846461,1145,48.42,45.16,503.37,95,17,9310,40960,186.96,34,,,,0,,,
1770846491,1175,43.32,44.91,503.37,93,19,9310,40960,147.38,33,,,,0,,,
1770846521,1205,32.13,44.44,503.37,52,1,9343,40960,110.22,30,,,,0,,,4478
1770846551,1235,41.04,44.89,503.37,98,9,9356,40960,179.08,34,,,,0,,,
1770846581,1265,42.95,44.95,503.37,99,4,9391,40960,215.00,34,,,,0,,,
1770846611,1295,42.32,45.58,503.37,95,15,9448,40960,240.71,35,,,,0,,,
1770846641,1325,42.47,45.51,503.37,99,5,9452,40960,178.48,35,,,,0,,,
1770846672,1356,38.04,45.96,503.37,98,4,9452,40960,155.27,35,,,,0,,,
1770846702,1386,43.97,46.21,503.37,87,15,9465,40960,141.96,36,,,,0,,,
1770846732,1416,42.55,45.85,503.37,97,14,9492,40960,174.95,36,,,,0,,,
1770846762,1446,42.09,44.88,503.37,97,15,9492,40960,162.40,36,,,,0,,,
1770846792,1476,42.60,45.34,503.37,97,13,9492,40960,183.16,36,,,,0,,,
1770846822,1506,35.12,45.73,503.37,99,4,9492,40960,189.29,37,,,,0,,,4478
1770846853,1537,37.81,43.74,503.37,93,20,8939,40960,228.16,37,,,,0,,,
1770846883,1567,43.64,44.92,503.37,99,4,9071,40960,234.57,36,,,,0,,,
1770846913,1597,47.52,44.91,503.37,99,7,9085,40960,181.69,36,,,,0,,,
1770846943,1627,43.82,42.94,503.37,99,8,8599,40960,187.83,35,,,,0,,,
1770846973,1657,34.99,40.64,503.37,98,4,8105,40960,225.49,35,,,,0,,,
1770847003,1687,37.81,40.63,503.37,84,19,8132,40960,196.79,34,,,,0,,,
1770847033,1717,42.60,40.71,503.37,98,18,8177,40960,193.37,35,,,,0,,,
1770847063,1747,42.07,41.27,503.37,99,4,8299,40960,181.96,34,,,,0,,,
1770847094,1778,42.36,41.22,503.37,96,9,8311,40960,186.63,34,,,,0,,,
1770847124,1808,39.49,41.79,503.37,97,7,8351,40960,227.29,34,,,,0,,,4478
1770847154,1838,41.86,42.43,503.37,74,17,8440,40960,195.12,35,,,,0,,,
1770847184,1868,43.03,42.49,503.37,98,10,8451,40960,172.07,35,,,,0,,,
1770847214,1898,42.86,42.58,503.37,95,21,8499,40960,162.57,35,,,,0,,,
1770847244,1928,42.80,42.16,503.37,99,4,8620,40960,179.08,36,,,,0,,,
1770847274,1958,36.49,42.24,503.37,97,21,8628,40960,181.09,37,,,,0,,,
1770847305,1989,37.07,43.00,503.37,97,4,8647,40960,255.01,36,,,,0,,,
1770847335,2019,44.67,43.37,503.37,97,12,8657,40960,171.47,37,,,,0,,,
1770847365,2049,46.13,43.39,503.37,97,18,8685,40960,182.29,37,,,,0,,,
1770847395,2079,44.11,42.87,503.37,97,10,8685,40960,240.12,36,,,,0,,,
1770847425,2109,36.23,42.97,503.37,92,16,8724,40960,192.10,36,,,,0,,,4478
1770847456,2140,37.61,43.40,503.37,91,13,8764,40960,195.98,36,,,,0,,,
1770847486,2170,42.66,42.69,503.37,97,21,8772,40960,178.48,35,,,,0,,,
1770847516,2200,42.02,42.54,503.37,97,21,8772,40960,227.83,34,,,,0,,,
1770847546,2230,42.20,42.73,503.37,97,13,8772,40960,181.09,34,,,,0,,,
1770847576,2260,42.19,43.35,503.37,98,8,8852,40960,240.71,33,,,,0,,,
1770847606,2290,42.18,43.96,503.37,80,20,8888,40960,204.79,34,,,,0,,,
1770847636,2320,44.29,43.58,503.37,100,4,8922,40960,185.77,34,,,,0,,,
1770847667,2351,41.72,43.62,503.37,97,4,8922,40960,173.81,34,,,,0,,,
1770847697,2381,41.03,43.16,503.37,100,3,8951,40960,174.40,34,,,,0,,,
1770847727,2411,36.48,43.24,503.37,98,20,8951,40960,182.29,35,,,,0,,,4478
1770847757,2441,37.09,43.89,503.37,93,21,8953,40960,196.85,36,,,,0,,,
1770847787,2471,45.19,44.35,503.37,96,21,8953,40960,184.89,37,,,,0,,,
1770847817,2501,47.32,44.31,503.37,98,6,8964,40960,148.52,36,,,,0,,,
1770847847,2531,42.93,43.92,503.37,97,4,8989,40960,148.97,37,,,,0,,,
1770847877,2561,36.15,43.98,503.37,97,15,9003,40960,132.34,37,,,,0,,,
1770847908,2592,36.48,44.08,503.37,99,3,9032,40960,181.42,36,,,,0,,,
1770847938,2622,42.87,43.40,503.37,96,20,9067,40960,184.30,36,,,,0,,,
1770847968,2652,41.80,43.56,503.37,99,19,9113,40960,170.60,35,,,,0,,,
1770847998,2682,42.52,44.28,503.37,97,9,9113,40960,182.29,35,,,,0,,,
1770848028,2712,41.44,44.49,503.37,98,14,9113,40960,178.15,34,,,,0,,,4478
1770848058,2742,37.89,44.69,503.37,67,1,9149,40960,190.17,31,,,,0,,,
1770848089,2773,43.00,45.05,503.37,99,3,9166,40960,176.74,34,,,,0,,,
1770848119,2803,41.81,44.86,503.37,98,14,9166,40960,248.59,34,,,,0,,,
1770848149,2833,42.04,44.82,503.37,98,5,9309,40960,158.92,34,,,,0,,,
1770848179,2863,36.86,44.61,503.37,99,10,9084,40960,168.26,34,,,,0,,,
1770848209,2893,35.14,45.78,503.37,20,1,9188,40960,108.16,30,,,,0,,,
1770848239,2923,46.46,46.25,503.37,99,3,9192,40960,228.16,35,,,,0,,,
1770848269,2953,46.97,46.21,503.37,96,5,9199,40960,179.35,36,,,,0,,,
1770848299,2983,42.09,44.99,503.37,96,16,9199,40960,183.75,36,,,,0,,,
1770848330,3014,37.69,45.99,503.37,98,6,9199,40960,146.63,36,,,,0,,,4478
1770848360,3044,35.34,46.55,503.37,16,0,9234,40960,75.73,31,,,,0,,,
1770848390,3074,43.55,46.47,503.37,97,16,9234,40960,181.42,37,,,,0,,,
1770848420,3104,42.31,46.57,503.37,98,3,9234,40960,243.64,37,,,,0,,,
1770848450,3134,44.44,47.16,503.37,98,11,9256,40960,186.63,37,,,,0,,,
1770848481,3165,41.91,47.48,503.37,97,21,9256,40960,184.03,37,,,,0,,,
1770848511,3195,36.89,47.75,503.37,3,0,9269,40960,106.58,32,,,,0,,,
1770848541,3225,43.36,48.09,503.37,97,15,9285,40960,195.12,36,,,,0,,,
1770848571,3255,42.21,48.38,503.37,98,4,9285,40960,188.11,35,,,,0,,,
1770848601,3285,42.74,48.58,503.37,93,20,9285,40960,187.50,35,,,,0,,,
1770848631,3315,38.21,48.51,503.37,98,15,9315,40960,178.15,34,,,,0,,,4478
1770848661,3345,35.13,47.42,503.37,71,1,8941,40960,193.65,31,,,,0,,,
1770848692,3376,46.23,43.12,503.37,98,7,7998,40960,161.26,33,,,,0,,,
1770848722,3406,46.43,43.38,503.37,97,12,8067,40960,178.48,34,,,,0,,,
1770848752,3436,43.15,43.70,503.37,96,21,8130,40960,180.49,34,,,,0,,,
1770848782,3466,38.21,43.66,503.37,97,13,8165,40960,203.86,34,,,,0,,,
1770848812,3496,37.56,43.91,503.37,16,0,8191,40960,106.30,30,,,,0,,,
1770848842,3526,41.43,43.37,503.37,93,2,8235,40960,182.83,34,,,,0,,,
1770848872,3556,41.55,43.41,503.37,97,21,8289,40960,191.63,36,,,,0,,,
1770848902,3586,44.37,44.07,503.37,77,10,8358,40960,211.80,36,,,,0,,,
1770848932,3616,41.72,44.14,503.37,97,21,8374,40960,181.96,37,,,,0,,,4478
1770848963,3647,35.72,44.62,503.37,14,0,8444,40960,110.11,32,,,,0,,,
1770848993,3677,43.36,44.81,503.37,100,2,8455,40960,181.96,37,,,,0,,,
1770849023,3707,42.45,44.55,503.37,97,9,8485,40960,180.49,37,,,,0,,,
1770849053,3737,42.45,44.77,503.37,98,4,8509,40960,226.10,36,,,,0,,,
1770849083,3767,38.04,44.38,503.37,99,4,8571,40960,228.70,36,,,,0,,,
1770849113,3797,35.10,45.48,503.37,48,0,8601,40960,107.77,30,,,,0,,,
1770849143,3827,47.94,45.51,503.37,97,21,8630,40960,170.87,34,,,,0,,,
1770849174,3858,45.67,45.34,503.37,99,20,8657,40960,149.57,33,,,,0,,,
1770849204,3888,42.67,45.36,503.37,98,8,8698,40960,142.83,33,,,,0,,,
1770849234,3918,38.17,45.69,503.37,98,15,8723,40960,180.22,34,,,,0,,,4478
1770849264,3948,35.31,47.28,503.37,40,0,8783,40960,108.76,29,,,,0,,,
1770849294,3978,43.51,45.87,503.37,96,19,8783,40960,181.69,34,,,,0,,,
1770849324,4008,42.59,45.39,503.37,100,2,8814,40960,209.46,35,,,,0,,,
1770849354,4038,45.13,46.18,503.37,98,9,8829,40960,185.50,35,,,,0,,,
1770849384,4068,43.10,46.15,503.37,97,5,8846,40960,246.85,36,,,,0,,,
1770849414,4098,34.85,48.73,503.37,48,0,8846,40960,109.95,32,,,,0,,,
1770849444,4128,43.33,46.29,503.37,90,21,8901,40960,184.62,37,,,,0,,,
1770849475,4159,42.37,46.31,503.37,93,15,8917,40960,183.43,37,,,,0,,,
1770849505,4189,43.03,46.36,503.37,92,21,8917,40960,178.15,37,,,,0,,,
1770849535,4219,38.78,46.16,503.37,97,7,8917,40960,246.25,37,,,,0,,,4478
1770849565,4249,35.92,49.85,503.37,24,0,8961,40960,109.03,32,,,,0,,,
1770849595,4279,47.31,47.41,503.37,97,19,8994,40960,181.69,35,,,,0,,,
1770849625,4309,44.78,46.71,503.37,97,9,8998,40960,182.29,35,,,,0,,,
1770849655,4339,41.67,46.91,503.37,97,21,8998,40960,184.89,34,,,,0,,,
1770849685,4369,38.66,46.85,503.37,100,5,9047,40960,177.47,34,,,,0,,,
1770849716,4400,34.69,49.70,503.37,39,0,9065,40960,107.77,29,,,,0,,,
1770849746,4430,42.46,47.03,503.37,99,3,9087,40960,174.08,34,,,,0,,,
1770849776,4460,41.95,46.82,503.37,99,3,9111,40960,159.79,33,,,,0,,,
1770849806,4490,45.10,47.76,503.37,98,7,9146,40960,149.40,34,,,,0,,,
1770849836,4520,43.54,48.00,503.37,96,5,9173,40960,196.31,34,,,,0,,,4478
1770849866,4550,35.04,50.34,503.37,49,0,9173,40960,108.05,31,,,,0,,,
1770849896,4580,42.25,47.94,503.37,96,5,9184,40960,216.47,36,,,,0,,,
1770849926,4610,44.04,48.13,503.37,95,6,9189,40960,168.54,35,,,,0,,,
1770849956,4640,43.96,48.03,503.37,99,3,9196,40960,167.94,36,,,,0,,,
1770849987,4671,40.33,48.07,503.37,93,20,9196,40960,176.33,37,,,,0,,,
1770850017,4701,35.95,49.36,503.37,56,0,9211,40960,109.35,32,,,,0,,,
1770850047,4731,44.36,49.00,503.37,83,3,9233,40960,198.92,38,,,,0,,,
1770850077,4761,44.07,48.00,503.37,98,4,9279,40960,198.92,36,,,,0,,,
1770850107,4791,42.29,48.35,503.37,98,17,9284,40960,180.22,36,,,,0,,,
1770850137,4821,39.66,48.20,503.37,89,20,9294,40960,186.36,36,,,,0,,,4478
1770850167,4851,34.87,48.70,503.37,32,0,9322,40960,108.49,31,,,,0,,,
1770850197,4881,42.04,49.10,503.37,98,8,9362,40960,172.94,34,,,,0,,,
1770850228,4912,42.26,49.11,503.37,96,17,9362,40960,170.60,34,,,,0,,,
1770850258,4942,46.61,49.41,503.37,96,8,9399,40960,230.17,34,,,,0,,,
1770850288,4972,44.01,47.40,503.37,99,4,9044,40960,173.81,33,,,,0,,,
1770850318,5002,39.02,47.99,503.37,50,0,9048,40960,107.50,29,,,,0,,,
1770850348,5032,43.45,44.60,503.37,94,20,9073,40960,189.29,34,,,,0,,,
1770850378,5062,39.51,44.42,503.37,96,21,9077,40960,154.07,34,,,,0,,,
1770850408,5092,38.96,43.04,503.37,99,9,8785,40960,181.42,35,,,,0,,,
1770850438,5122,37.36,43.37,503.37,99,15,8808,40960,161.53,34,,,,0,,,4478
1770850468,5152,31.24,41.56,503.37,54,1,8389,40960,108.49,31,,,,0,,,
1770850498,5182,38.03,40.32,503.37,94,21,8139,40960,228.70,36,,,,0,,,
1770850529,5213,39.18,40.72,503.37,96,21,8265,40960,181.96,36,,,,0,,,
1770850559,5243,39.53,41.00,503.37,97,10,8298,40960,213.81,36,,,,0,,,
1770850589,5273,37.63,41.01,503.37,98,20,8351,40960,183.75,36,,,,0,,,
1770850619,5303,31.63,41.27,503.37,20,0,8416,40960,104.84,32,,,,0,,,
1770850649,5333,37.56,41.62,503.37,98,7,8430,40960,173.81,36,,,,0,,,
1770850679,5363,39.54,41.64,503.37,98,5,8460,40960,250.93,36,,,,0,,,
1770850709,5393,39.52,41.19,503.37,98,4,8460,40960,169.14,35,,,,0,,,
1770850739,5423,37.69,41.29,503.37,98,6,8471,40960,164.13,34,,,,0,,,4478
1770850770,5454,32.26,41.99,503.37,49,0,8479,40960,106.69,30,,,,0,,,
1770850800,5484,42.42,44.21,503.37,98,13,8516,40960,181.69,34,,,,0,,,
1770850830,5514,43.77,44.33,503.37,90,15,8516,40960,191.63,34,,,,0,,,
1770850860,5544,44.04,44.51,503.37,95,21,8549,40960,187.83,34,,,,0,,,
1770850890,5574,44.28,45.05,503.37,97,21,8568,40960,175.54,34,,,,0,,,
1770850920,5604,39.16,45.18,503.37,39,1,8586,40960,109.03,30,,,,0,,,
1770850950,5634,42.67,44.81,503.37,94,9,8604,40960,220.22,34,,,,0,,,
1770850980,5664,43.51,44.66,503.37,98,19,8619,40960,174.68,35,,,,0,,,
1770851010,5694,44.16,44.91,503.37,88,17,8622,40960,174.95,35,,,,0,,,
